lon,lat
139.766103,35.681391
139.758587,35.666195
139.738999,35.62876
139.697485,35.531311
139.622704,35.466195
139.534282,35.400432
139.531127,35.353466
139.487293,35.338882
139.447106,35.336847
139.407197,35.330741
139.349063,35.327647
139.313388,35.311299
139.256925,35.298644
139.212932,35.280832
139.180147,35.275744
139.155772,35.256225
139.145014,35.238875
139.138504,35.202455
139.132148,35.156837
139.102142,35.146178
139.728439,35.619772
139.723822,35.625974
139.715775,35.633923
139.71007,35.646685
139.701238,35.658871
139.702592,35.670646
139.702042,35.683061
139.700464,35.689729
139.700261,35.700875
139.703715,35.712677
139.706228,35.720476
139.711086,35.730256
139.728584,35.731412
139.739303,35.733445
139.748053,35.736825
139.761229,35.737781
139.766857,35.731954
139.771287,35.727908
139.778015,35.721484
139.777043,35.71379
139.774727,35.707282
139.773288,35.698619
139.770641,35.691173
139.766103,35.681391
139.763806,35.675441
139.758587,35.666195
139.757135,35.655391
139.747575,35.645736
139.738999,35.62876
139.697485,35.531311
139.684233,35.530939
139.68055,35.539408
139.674964,35.551459
139.671039,35.560565
139.66725,35.572891
139.65963,35.57669
139.640613,35.581498
139.629419,35.587369
139.61139,35.598923
139.600002,35.604259
139.592714,35.610363
139.579565,35.615429
139.570028,35.620889
139.5501,35.630135
139.535173,35.633701
139.520849,35.641305
139.502811,35.644184
139.489781,35.649249
139.477142,35.665766
139.468798,35.668493
139.457477,35.670912
139.446724,35.681377
139.431611,35.685079
139.423887,35.69375
139.413704,35.698202
139.691446,35.523071
139.699348,35.518234
139.704944,35.5145
139.713483,35.510428
139.67614,35.508387
139.675599,35.50083
139.681226,35.497005
139.689451,35.495758
139.695739,35.497555
139.7001,35.491914
139.700603,35.486073
139.700663,35.499668
139.711038,35.495646
139.706513,35.501912
139.713575,35.509863
139.723897,35.506836
139.722147,35.501452
139.477142,35.665766
139.471792,35.68088
139.465994,35.699744
139.470745,35.73128
139.493592,35.778331
139.513878,35.79461
139.556328,35.80381
139.587322,35.815475
139.627707,35.844139
139.647974,35.846047
139.669125,35.847648
139.704627,35.864079
139.744087,35.875246
139.790499,35.876106
139.820219,35.87622
139.843162,35.87662
139.858167,35.868056
139.869341,35.858667
139.886341,35.845004
139.903865,35.838035
139.921076,35.825467
139.938393,35.792013
139.943848,35.770611
139.951227,35.755432
139.966771,35.730435
139.959536,35.707283
139.633466,35.47804
139.646288,35.492375
139.630147,35.509749
139.617348,35.506824
139.599787,35.508533
139.56707,35.510955
139.539692,35.514745
139.51669,35.526254
139.49468,35.531698
139.472875,35.535412
139.445579,35.542004
139.419151,35.556055
139.395075,35.568784
139.386373,35.573275
139.371007,35.58113
139.344586,35.594975
139.33169,35.60694
139.330678,35.630664
139.34119,35.639704
139.338998,35.655555
139.622704,35.466195
139.630881,35.451112
139.636984,35.443336
139.642934,35.438808
139.646425,35.426891
139.636034,35.415887
139.617916,35.399881
139.619483,35.386863
139.596852,35.378785
139.576243,35.375183
139.550159,35.36787
139.531127,35.353466
139.766103,35.681391
139.758587,35.666195
139.738999,35.62876
139.721729,35.601616
139.663278,35.575965
139.671481,35.551784
139.622704,35.466195
139.599671,35.446746
139.556794,35.430353
139.534282,35.400432
139.531127,35.353466
139.545134,35.337198
139.550428,35.318793
139.578292,35.297392
139.601768,35.298781
139.637726,35.29271
139.655855,35.284022
139.661193,35.257091
139.700862,35.233107
139.407197,35.330741
139.407569,35.339167
139.400044,35.35655
139.387452,35.367579
139.379639,35.382261
139.378422,35.395098
139.380139,35.406761
139.377281,35.420543
139.378631,35.44375
139.389328,35.454282
139.391913,35.478478
139.386297,35.492734
139.380428,35.518516
139.375355,35.528978
139.362988,35.545392
139.36315,35.557623
139.352484,35.58042
139.344586,35.594975
139.766103,35.681391
139.730644,35.686041
139.700464,35.689729
139.579765,35.703119
139.560325,35.702683
139.480841,35.700123
139.413704,35.698202
139.39393,35.679244
139.381495,35.659502
139.338998,35.655555
139.31264,35.656621
139.282288,35.642026
139.1885,35.617335
139.15239,35.615918
139.766103,35.681391
139.770641,35.691173
139.764955,35.699605
139.754312,35.702039
139.745143,35.701835
139.735241,35.691105
139.730644,35.686041
139.720729,35.680031
139.711644,35.681231
139.702042,35.683061
139.700464,35.689729
139.69732,35.700784
139.684436,35.706529
139.665835,35.705765
139.649664,35.705326
139.635868,35.704818
139.620109,35.704523
139.599361,35.703842
139.579765,35.703119
139.560325,35.702683
139.543402,35.702083
139.524837,35.701643
139.506483,35.701337
139.480841,35.700123
139.465994,35.699744
139.44634,35.69923
139.413704,35.698202
139.39393,35.679244
139.381495,35.659502
139.338998,35.655555
139.31264,35.656621
139.282288,35.642026
139.560325,35.702683
139.579765,35.703119
139.599361,35.703842
139.620109,35.704523
139.635868,35.704818
139.649664,35.705326
139.665835,35.705765
139.684436,35.706529
139.69732,35.700784
139.700464,35.689729
139.702042,35.683061
139.711644,35.681231
139.720729,35.680031
139.730644,35.686041
139.735241,35.691105
139.745143,35.701835
139.754312,35.702039
139.764955,35.699605
139.773288,35.698619
139.784427,35.697403
139.793334,35.69579
139.814136,35.696802
139.826262,35.697345
139.842181,35.70643
139.857777,35.716903
139.881755,35.733207
139.908142,35.728903
139.92741,35.720898
139.943092,35.714276
139.959536,35.707283
139.984707,35.701865
140.00393,35.699811
140.020179,35.691367
140.042241,35.672664
140.057899,35.6594
140.073025,35.65169
140.09256,35.637264
140.103337,35.622639
140.112837,35.613425
139.766103,35.681391
139.77323,35.688687
139.78238,35.693365
139.814136,35.696802
139.857777,35.716903
139.908142,35.728903
139.984707,35.701865
140.020179,35.691367
140.09256,35.637264
140.112837,35.613425
140.122261,35.617014
140.149222,35.636088
140.165023,35.662756
140.200263,35.68566
140.226722,35.709743
140.267828,35.704217
140.288136,35.683967
140.317304,35.663228
140.362447,35.628402
140.410109,35.608513
140.457587,35.63604
140.490736,35.661739
140.522328,35.685638
140.552419,35.699317
140.603304,35.718308
140.655041,35.721831
140.683896,35.729339
140.714018,35.737836
140.7374,35.747383
140.795143,35.739386
140.827557,35.729449
139.413704,35.698202
139.393556,35.703526
139.384529,35.706337
139.375816,35.709058
139.361564,35.713305
139.343468,35.721278
139.333677,35.734547
139.327763,35.742456
139.316188,35.758073
139.302233,35.776048
139.284032,35.78473
139.272841,35.789768
139.258096,35.790512
139.237289,35.787545
139.229515,35.788665
139.225096,35.79683
139.216161,35.803946
139.207431,35.807382
139.193324,35.80594
139.182589,35.801468
139.16429,35.813697
139.152102,35.816247
139.128932,35.815127
139.114861,35.811735
139.096961,35.809357
139.343468,35.721278
139.33584,35.728321
139.311665,35.725904
139.286715,35.727998
139.269907,35.729711
139.256355,35.730961
139.228039,35.732248
139.338998,35.655555
139.363348,35.669232
139.368481,35.685799
139.343468,35.721278
139.33594,35.745811
139.346805,35.771158
139.328546,35.810822
139.325965,35.852928
139.33809,35.896328
139.33809,35.896328
139.309237,35.940806
139.299437,35.962559
139.288789,36.003309
139.260412,36.05903
139.229952,36.075466
139.195205,36.096296
139.194224,36.118013
139.200758,36.153858
139.182127,36.172938
139.13582,36.192624
139.102306,36.216668
139.777043,35.71379
139.753846,35.74683
139.720928,35.778026
139.657109,35.858496
139.633587,35.893867
139.62405,35.906439
139.63214,35.931997
139.640291,35.948751
139.653016,35.981272
139.666826,36.01774
139.67208,36.038732
139.67727,36.065684
139.67913,36.089428
139.694177,36.136852
139.777043,35.71379
139.771287,35.727908
139.777131,35.733383
139.7994,35.734033
139.804872,35.749677
139.825019,35.762222
139.847573,35.766527
139.870482,35.769582
139.900779,35.784472
139.911528,35.800459
139.917305,35.811682
139.921076,35.825467
139.931303,35.833436
139.954111,35.844655
139.971148,35.862316
139.988035,35.875623
140.010466,35.87279
140.04121,35.872558
139.728439,35.619772
139.71007,35.646685
139.701238,35.658871
139.700464,35.689729
139.711086,35.730256
139.719507,35.745435
139.722233,35.760321
139.720928,35.778026
139.70569,35.787007
139.691341,35.791209
139.678203,35.807906
139.669548,35.817665
139.661201,35.826883
139.646809,35.845422
139.6375,35.853769
139.631117,35.867456
139.626075,35.880968
139.628521,35.890678
139.62405,35.906439
139.606111,35.931555
139.564951,35.917023
139.519082,35.903344
139.483078,35.906742
139.62405,35.906439
139.606111,35.931555
139.5797968,35.92228133
139.564951,35.917023
139.519082,35.903344
139.483078,35.906742
139.459746,35.91909
139.435376,35.917478
139.40622,35.907551
139.371123,35.901729
139.33809,35.896328
139.777043,35.71379
139.753846,35.74683
139.720928,35.778026
139.657109,35.858496
139.633587,35.893867
139.62405,35.906439
139.609455,35.940256
139.588434,35.973522
139.577223,35.985632
139.564274,35.998375
139.533591,36.032112
139.509552,36.0592
139.476894,36.085529
139.45312,36.103062
139.432103,36.113879
139.389528,36.139627
139.330199,36.17448
139.28127,36.191344
139.237622,36.205645
139.188299,36.236229
139.149172,36.25359
140.112837,35.613425
140.120987,35.601202
140.130767,35.582065
140.178583,35.562795
140.213748,35.546996
140.269783,35.530866
140.311111,35.522427
140.311162,35.503129
140.30758,35.48227
140.29983,35.449477
140.304121,35.426733
140.345367,35.403971
140.365138,35.373401
140.376706,35.34669
140.381184,35.319942
140.385021,35.295839
140.391567,35.282377
140.390864,35.251097
140.379428,35.222674
140.35197,35.188028
140.312142,35.152722
140.278446,35.140828
140.250487,35.137146
140.226962,35.11832
140.190337,35.128597
140.154487,35.125473
140.103566,35.107465
140.112837,35.613425
140.120987,35.601202
140.130767,35.582065
140.132089,35.551876
140.120072,35.536189
140.089522,35.512985
140.041749,35.4786
139.995478,35.450234
139.95788,35.431997
139.933229,35.414285
139.92611,35.381668
139.895697,35.333619
139.858189,35.330304
139.855541,35.291661
139.876106,35.260113
139.871016,35.221855
139.830159,35.197582
139.822141,35.168215
139.838114,35.14148
139.83339,35.114022
139.849839,35.093062
139.837811,35.04614
139.851388,35.028987
139.861888,34.9959
139.911383,34.99752
139.954738,34.976704
139.966378,34.991701
139.979204,35.021065
140.019569,35.041885
140.061026,35.062513
140.096229,35.081435
140.103566,35.107465
139.766103,35.681391
139.777705,35.674617
139.792713,35.667946
139.817341,35.658702
139.827402,35.646172
139.861529,35.644392
139.883714,35.636115
139.912553,35.649526
139.923684,35.666554
139.959536,35.707283
139.959525,35.691273
139.995773,35.681804
140.012825,35.667342
140.041917,35.648373
140.058888,35.637291
140.074034,35.629501
140.10341,35.606172
140.130767,35.582065
140.226722,35.709743
140.275271,35.731737
140.313853,35.777796
140.387871,35.773327
140.384644,35.763983
140.338929,35.832232
140.347871,35.877079
140.410657,35.8948
140.457828,35.890004
140.494074,35.894522
140.532367,35.897856
140.570181,35.885508
140.604587,35.849971
140.655716,35.839753
140.702273,35.818673
140.721011,35.792899
140.758875,35.765204
140.795143,35.739386
140.827557,35.729449
140.010466,35.87279
140.047754,35.868945
140.077959,35.867165
140.107048,35.862352
140.13293,35.849371
140.147954,35.838817
140.193028,35.830783
140.242051,35.835682
140.27749,35.807806
139.531127,35.353466
139.534282,35.400432
139.622704,35.466195
139.663278,35.575965
139.62405,35.906439
139.711086,35.730256
139.700464,35.689729
139.282288,35.642026
139.338998,35.655555
139.413704,35.698202
139.480841,35.700123
139.560325,35.702683
139.579765,35.703119
139.701238,35.658871
139.738999,35.62876
139.766103,35.681391
140.112837,35.613425
140.165023,35.662756
140.313853,35.777796
140.387163,35.773693
140.384644,35.763983
140.494074,35.894522
140.532367,35.897856
140.545707,35.916984
139.92611,35.381668
139.948111,35.391528
139.965612,35.390981
139.985847,35.390017
140.020138,35.386207
140.035995,35.386185
140.058485,35.36681
140.055372,35.355018
140.059794,35.328252
140.061386,35.314495
140.075613,35.295812
140.064682,35.274312
140.064046,35.258226
140.089479,35.233153
140.311111,35.522427
140.341904,35.54617
140.363743,35.560172
140.39626,35.579947
140.410109,35.608513
139.62405,35.906439
139.633587,35.893867
139.639085,35.884393
139.645951,35.872053
139.657109,35.858496
139.669125,35.847648
139.690357,35.827959
139.704312,35.815514
139.717472,35.801869
139.720928,35.778026
139.726858,35.763803
139.73809,35.752538
139.745769,35.74728
139.761229,35.737781
139.766857,35.731954
139.771287,35.727908
139.778015,35.721484
139.777043,35.71379
139.774727,35.707282
139.773288,35.698619
139.770641,35.691173
139.766103,35.681391
139.763806,35.675441
139.758587,35.666195
139.757135,35.655391
139.747575,35.645736
139.738999,35.62876
139.73485,35.606257
139.728079,35.588903
139.716032,35.562517
139.697485,35.531311
139.67614,35.508387
139.654776,35.487064
139.633466,35.47804
139.622704,35.466195
139.630881,35.451112
139.636984,35.443336
139.642934,35.438808
139.646425,35.426891
139.636034,35.415887
139.617916,35.399881
139.619483,35.386863
139.596852,35.378785
139.576243,35.375183
139.550159,35.36787
139.531127,35.353466
139.62405,35.906439
139.657109,35.858496
139.720928,35.778026
139.711086,35.730256
139.700464,35.689729
139.701238,35.658871
139.71007,35.646685
139.728439,35.619772
139.721729,35.601616
139.65963,35.57669
139.671481,35.551784
139.622704,35.466195
139.599671,35.446746
139.556794,35.430353
139.534282,35.400432
139.531127,35.353466
139.766103,35.681391
139.777043,35.71379
139.212932,35.280832
139.183395,35.303554
139.163508,35.321883
139.150753,35.33364
139.137417,35.346843
139.10765,35.357637
139.080212,35.360808
139.038234,35.366561
139.710678,35.730924
139.716749,35.741283
139.714785,35.745721
139.702589,35.748398
139.694628,35.756214
139.689015,35.758771
139.67641,35.763596
139.661964,35.768698
139.644482,35.770558
139.632708,35.777723
139.612434,35.788507
139.600321,35.796736
139.587189,35.814328
139.575367,35.822105
139.562071,35.830723
139.55078,35.838233
139.539347,35.845776
139.523389,35.860735
139.511782,35.873855
139.497257,35.890911
139.483078,35.906742
139.476989,35.914146
139.442897,35.925635
139.423825,35.936771
139.408782,35.948919
139.394032,35.957181
139.396932,35.972098
139.397747,36.002572
139.401651,36.034608
139.374947,36.045239
139.345541,36.04352
139.32829,36.044001
139.260412,36.05903
139.237591,36.0754
139.234442,36.107415
139.208649,36.11378
139.200052,36.117071
139.194508,36.117597
139.798214,35.711883
139.809332,35.71043
139.812935,35.710702
139.816634,35.718418
139.819306,35.724324
139.820344,35.733712
139.817727,35.742977
139.811816,35.744555
139.805564,35.749891
139.812935,35.759039
139.809643,35.765852
139.797916,35.772437
139.790372,35.777323
139.790788,35.794368
139.801483,35.814926
139.803397,35.828476
139.800622,35.84333
139.795391,35.854086
139.791686,35.866851
139.789905,35.875186
139.786213,35.887529
139.780008,35.901724
139.777868,35.92437
139.774478,35.935832
139.770675,35.949102
139.766219,35.96412
139.752345,35.980095
139.744012,35.990655
139.738674,36.004384
139.726901,36.024604
139.701156,36.039562
139.67727,36.065684
139.656945,36.09626
139.633522,36.109891
139.595584,36.122992
139.55696,36.14959
139.533949,36.170345
139.726901,36.024604
139.714582,36.051536
139.714937,36.074297
139.713004,36.113157
139.693855,36.137034
139.686904,36.192686
139.659645,36.206756
139.624458,35.907599
139.624726,35.91716
139.632903,35.92374
139.65051,35.929359
139.665948,35.936464
139.693197,35.950239
139.712192,35.963273
139.72601,35.968014
139.741785,35.978376
139.752345,35.980095
139.778038,35.98026
139.807988,35.980441
139.83385,35.979172
139.852906,35.970884
139.85967,35.959364
139.864817,35.950154
139.870728,35.943652
139.891086,35.931575
139.906063,35.914392
139.91045,35.897344
139.917861,35.883783
139.925898,35.872051
139.93929,35.86657
139.971148,35.862316
139.966994,35.838128
139.976604,35.829704
139.983812,35.823336
139.998936,35.808211
139.999195,35.793715
139.999455,35.780221
139.997266,35.763765
139.992199,35.741586
139.982859,35.722102
139.979765,35.710993
139.98436,35.7021
139.816634,35.718418
139.827595,35.710316
139.831883,35.707067
139.833422,35.699976
139.826791,35.697708
139.790372,35.777323
139.781647,35.778989
139.394032,35.957181
139.370062,35.94008
139.356321,35.931698
139.346426,35.937438
139.325561,35.942023
139.315303,35.947058
139.30912,35.952127
139.299437,35.962559
139.711461,35.72913
139.694363,35.726572
139.683294,35.73003
139.672814,35.737557
139.662602,35.738797
139.654368,35.737893
139.637456,35.736767
139.62969,35.735867
139.616749,35.740622
139.606981,35.743563
139.586732,35.749406
139.567753,35.748222
139.545852,35.751485
139.533739,35.760445
139.519917,35.772221
139.496539,35.778614
139.473324,35.786627
139.455959,35.789303
139.438016,35.800535
139.416975,35.810445
139.412736,35.820963
139.39842,35.845112
139.390294,35.842904
139.360115,35.83769
139.345316,35.84058
139.318824,35.851189
139.325965,35.852928
139.304414,35.881982
139.280667,35.885256
139.260281,35.892439
139.226787,35.908502
139.318824,35.851189
139.325965,35.852928
139.304414,35.881982
139.280667,35.885256
139.260281,35.892439
139.226787,35.908502
139.202425,35.927082
139.181521,35.938324
139.135982,35.976505
139.097818,35.985548
139.083548,35.990061
139.678572,35.743803
139.6683,35.74077
139.654368,35.737893
139.654368,35.737893
139.647979,35.742054
139.455959,35.789303
139.441097,35.77941
139.41966,35.77093
139.442747,35.765881
139.440166,35.769042
139.41966,35.77093
139.7,35.696254
139.703715,35.712677
139.695391,35.715846
139.686967,35.715106
139.672582,35.715778
139.663841,35.719458
139.652733,35.719658
139.644839,35.722313
139.63892,35.722605
139.624688,35.723852
139.615303,35.72469
139.602937,35.725326
139.592266,35.726189
139.576417,35.7276
139.563529,35.728761
139.552477,35.728621
139.539259,35.727307
139.513228,35.726129
139.488491,35.736963
139.472653,35.749575
139.465839,35.76006
139.473324,35.786627
139.465641,35.798272
139.457069,35.805854
139.427304,35.832481
139.413015,35.856936
139.433499,35.873993
139.454189,35.889663
139.481125,35.913524
139.488491,35.736963
139.476903,35.740759
139.463493,35.737573
139.434249,35.732829
139.418435,35.731751
139.392319,35.728876
139.370124,35.7262
139.343468,35.721278
139.465839,35.76006
139.448904,35.767684
139.480841,35.700123
139.463944,35.711385
139.461155,35.723097
139.463493,35.737573
139.465839,35.76006
139.479547,35.700836
139.480039,35.72217
139.476628,35.73098
139.476903,35.740759
139.467676,35.744925
139.444008,35.756427
139.442747,35.765881
139.543402,35.702083
139.526603,35.695908
139.51713,35.676821
139.509862,35.666517
139.499721,35.656232
139.488592,35.656242
139.773571,35.711232
139.771287,35.727908
139.773834,35.73714
139.781499,35.742354
139.796934,35.74243
139.81183,35.744008
139.827545,35.747649
139.83988,35.747585
139.856292,35.745883
139.866875,35.750932
139.88371,35.742158
139.896226,35.737723
139.90322,35.736301
139.911717,35.73121
139.919413,35.728272
139.92816,35.723811
139.937932,35.719776
139.944203,35.716998
139.952683,35.714385
139.958863,35.711627
139.971888,35.705888
139.985451,35.700161
139.991431,35.693945
139.997998,35.689606
140.007658,35.685257
140.024823,35.68364
140.048629,35.686016
140.068289,35.686852
140.090942,35.701465
140.108578,35.712309
140.126053,35.715445
140.144982,35.717406
140.156354,35.721801
140.180796,35.730017
140.229633,35.725205
140.25079,35.729908
140.270132,35.736867
140.280975,35.752669
140.294904,35.760446
140.315473,35.776308
140.387225,35.770091
140.387163,35.773693
140.384644,35.763983
139.812935,35.710702
139.820012,35.718441
139.828738,35.727687
139.834918,35.731962
139.848558,35.738281
139.856292,35.745883
139.866875,35.750932
139.866875,35.750932
139.875188,35.756323
139.870387,35.768471
140.024823,35.68364
140.042091,35.672551
140.05591,35.66078
140.066656,35.652512
140.085505,35.637783
140.097413,35.624994
140.102801,35.617615
140.108557,35.612455
140.114273,35.6116
140.117809,35.607354
140.117809,35.607354
140.132236,35.590311
140.149398,35.584126
140.158416,35.560364
140.166264,35.550029
140.17029,35.534017
139.773571,35.711232
139.771287,35.727908
139.856292,35.745883
139.866875,35.750932
139.942957,35.769954
139.998361,35.779481
140.116159,35.800175
140.203112,35.787512
140.291596,35.799115
140.387163,35.773693
140.384644,35.763983
139.699187,35.690163
139.686354,35.68123
139.676183,35.677061
139.667251,35.673758
139.659413,35.671092
139.650352,35.668758
139.641372,35.66615
139.63129,35.66768
139.62329,35.668857
139.614927,35.669982
139.608247,35.670479
139.60067,35.667921
139.584908,35.662257
139.575103,35.657936
139.56658,35.653997
139.558036,35.650087
139.551557,35.649904
139.543988,35.652181
139.529822,35.657169
139.523666,35.660121
139.511289,35.664159
139.502615,35.666197
139.495257,35.668766
139.4799,35.672245
139.468798,35.668493
139.457602,35.659549
139.446979,35.650814
139.431285,35.657362
139.412953,35.662361
139.392008,35.654559
139.379926,35.647371
139.365849,35.642788
139.354489,35.644479
139.343851,35.657416
139.543988,35.652181
139.536606,35.644499
139.531099,35.633895
139.517597,35.632934
139.500398,35.636166
139.472189,35.619325
139.448204,35.630102
139.42402,35.62518
139.400314,35.624438
139.3798,35.6141
139.366987,35.601826
139.343226,35.595518
139.354489,35.644479
139.337035,35.644343
139.321082,35.644411
139.308446,35.643601
139.293808,35.640637
139.281551,35.641645
139.269856,35.632377
139.495257,35.668766
139.485019,35.668288
139.412953,35.662361
139.404627,35.649215
139.700872,35.6587
139.698812,35.68869
139.693579,35.657244
139.684308,35.65868
139.67344,35.660402
139.667251,35.673758
139.66691,35.661539
139.660524,35.662593
139.655535,35.662634
139.650352,35.668758
139.642733,35.67629
139.634936,35.678918
139.627528,35.681603
139.615115,35.683253
139.607072,35.684805
139.599211,35.688138
139.589298,35.692046
139.583112,35.697304
139.580306,35.702291
139.686354,35.68123
139.676183,35.677061
139.699574,35.691435
139.69867,35.683483
139.693568,35.678586
139.688913,35.669715
139.680153,35.669159
139.673014,35.665379
139.667516,35.661655
139.661557,35.65834
139.653628,35.656024
139.647381,35.653807
139.635993,35.650991
139.624544,35.647616
139.609659,35.643236
139.598958,35.640114
139.587445,35.636697
139.577127,35.632001
139.573695,35.627349
139.569449,35.62115
139.564719,35.617273
139.542024,35.614954
139.527903,35.614723
139.516121,35.60903
139.507608,35.603705
139.497614,35.589597
139.481759,35.583077
139.463388,35.563486
139.445236,35.544222
139.437836,35.532208
139.422571,35.515134
139.408509,35.499294
139.399899,35.480913
139.390905,35.452709
139.377896,35.443081
139.364261,35.439338
139.344098,35.417634
139.313768,35.396081
139.277813,35.381131
139.271236,35.373151
139.226009,35.370075
139.184405,35.374032
139.139848,35.345082
139.135785,35.326532
139.14258,35.310679
139.145166,35.296759
139.152036,35.285055
139.15447,35.271763
139.155396,35.256229
139.437836,35.532208
139.438883,35.520541
139.444105,35.508066
139.447911,35.495627
139.450572,35.49057
139.461553,35.46965
139.465734,35.450486
139.464854,35.432519
139.465307,35.41261
139.466451,35.396488
139.470665,35.383761
139.473199,35.36285
139.476046,35.348188
139.486971,35.338558
139.475412,35.331129
139.47121,35.320744
139.482934,35.309345
139.507608,35.603705
139.493542,35.600174
139.481298,35.605731
139.470731,35.613203
139.464534,35.618885
139.447943,35.629972
139.424298,35.624902
139.411622,35.616672
139.702417,35.659545
139.703284,35.648193
139.698621,35.643854
139.690758,35.637163
139.68522,35.628786
139.676393,35.617835
139.668664,35.607224
139.667356,35.596815
139.668723,35.589591
139.661964,35.58049
139.659652,35.575752
139.654668,35.565698
139.646944,35.5539
139.63491,35.536906
139.629808,35.52243
139.63137,35.509854
139.633194,35.498779
139.627875,35.489555
139.629364,35.483523
139.625337,35.47474
139.622299,35.466372
139.7155,35.633272
139.71469,35.626526
139.704524,35.620538
139.698694,35.615455
139.694367,35.61043
139.685909,35.607456
139.672355,35.603947
139.667356,35.596815
139.668723,35.589591
139.661964,35.58049
139.659652,35.575752
139.654668,35.565698
139.646944,35.5539
139.702148,35.65802
139.684319,35.650603
139.670156,35.643716
139.661702,35.633471
139.644779,35.631666
139.633928,35.626436
139.626685,35.611788
139.622338,35.606994
139.616934,35.603248
139.610487,35.59984
139.605885,35.593963
139.591313,35.587228
139.581983,35.584951
139.573268,35.579762
139.558447,35.577427
139.553462,35.568645
139.551518,35.558671
139.541496,35.551483
139.527655,35.543454
139.517376,35.542855
139.504855,35.536204
139.493548,35.53196
139.485139,35.527559
139.481684,35.517094
139.470318,35.511502
139.458651,35.510546
139.444935,35.507671
139.735025,35.607535
139.726256,35.608704
139.718159,35.608856
139.712526,35.60571
139.707571,35.60382
139.702286,35.604923
139.693303,35.606311
139.685909,35.607456
139.679482,35.60638
139.668664,35.607224
139.660992,35.60538
139.653862,35.606971
139.647938,35.608369
139.638917,35.611957
139.626685,35.611788
139.622338,35.606994
139.616934,35.603248
139.610487,35.59984
139.724175,35.625262
139.722339,35.622244
139.714862,35.615928
139.712196,35.610056
139.702286,35.604923
139.697881,35.60219
139.690896,35.599648
139.685063,35.596888
139.681083,35.592038
139.682473,35.585236
139.685678,35.579499
139.69142,35.572983
139.702822,35.572025
139.708544,35.564173
139.714626,35.561767
139.668723,35.589591
139.67326,35.582526
139.680554,35.575452
139.685576,35.571397
139.692506,35.567806
139.700389,35.562462
139.714626,35.561767
139.670156,35.643716
139.666382,35.644545
139.659911,35.645933
139.655211,35.643947
139.650945,35.643564
139.646276,35.643656
139.64494,35.647508
139.646509,35.653844
139.642,35.660048
139.641372,35.66615
139.493548,35.53196
139.492127,35.545535
139.486657,35.558035
139.74002,35.638692
139.73809,35.628284
139.739191,35.622458
139.741366,35.61762
139.742958,35.609351
139.742227,35.604977
139.738886,35.598489
139.73544,35.587576
139.73491,35.57868
139.732027,35.572431
139.728266,35.566873
139.723681,35.560796
139.715005,35.549725
139.7076,35.540577
139.700893,35.53285
139.691346,35.523054
139.68642,35.517594
139.677743,35.507032
139.672813,35.500358
139.6673,35.4956
139.655848,35.487242
139.644965,35.484556
139.640152,35.481559
139.634669,35.477412
139.627364,35.471304
139.623055,35.466066
139.61956,35.456631
139.626696,35.445524
139.62246,35.439694
139.613408,35.436923
139.60061,35.433895
139.596791,35.42437
139.596552,35.409418
139.610387,35.394176
139.615734,35.383796
139.629772,35.366743
139.629233,35.360528
139.621606,35.342966
139.62018,35.331223
139.624905,35.315461
139.625252,35.300892
139.64292,35.286641
139.653149,35.28048
139.662443,35.280241
139.670217,35.27858
139.677033,35.269731
139.686932,35.26322
139.695334,35.261068
139.707328,35.259651
139.714999,35.250933
139.723681,35.560796
139.72962,35.5545
139.739356,35.552531
139.746669,35.550326
139.75423,35.548908
139.768968,35.544676
139.785962,35.549809
139.700893,35.53285
139.712578,35.535014
139.720655,35.53535
139.725946,35.535711
139.734298,35.536566
139.740381,35.536611
139.747575,35.534798
139.62018,35.331223
139.611532,35.32269
139.592947,35.306233
139.580359,35.294189
139.686932,35.26322
139.69016,35.257013
139.686368,35.249355
139.702139,35.231332
139.685068,35.212229
139.674048,35.20548
139.665279,35.198419
139.653138,35.188084
139.633207,35.177515
139.797592,35.710733
139.790897,35.709897
139.782593,35.711273
139.777122,35.711482
139.772877,35.70768
139.771713,35.702972
139.770899,35.693587
139.773594,35.687101
139.773516,35.682078
139.770126,35.676856
139.763965,35.671989
139.758432,35.667434
139.749832,35.670236
139.741419,35.673621
139.737047,35.677021
139.724159,35.672765
139.717857,35.670527
139.712314,35.665247
139.701,35.659066
139.711086,35.730256
139.729971,35.72569
139.737184,35.716989
139.751864,35.707898
139.759914,35.706671
139.763952,35.700614
139.767575,35.695434
139.7662,35.686564
139.764708,35.681753
139.763965,35.671989
139.750899,35.673838
139.745219,35.67393
139.737047,35.677021
139.729947,35.684586
139.720103,35.687958
139.71069,35.688588
139.704895,35.690847
139.700711,35.69235
139.692778,35.694298
139.68291,35.69792
139.66903,35.697491
139.657822,35.697802
139.648068,35.697985
139.63576,35.699624
139.620116,35.704304
139.673997,35.692123
139.666933,35.690514
139.656498,35.683496
139.804276,35.748916
139.799273,35.733398
139.791485,35.729623
139.783924,35.719862
139.777122,35.711482
139.776138,35.706649
139.775459,35.698162
139.778433,35.690737
139.782285,35.686307
139.780005,35.679752
139.776982,35.674851
139.772603,35.668115
139.767253,35.669464
139.763965,35.671989
139.76017,35.67459
139.750899,35.673838
139.745069,35.662978
139.731443,35.662836
139.722202,35.652279
139.708988,35.647332
139.698621,35.643854
139.665835,35.705765
139.687284,35.710976
139.704745,35.713338
139.721319,35.705723
139.734546,35.70379
139.745986,35.701725
139.751948,35.695589
139.756817,35.690662
139.766086,35.684801
139.773516,35.682078
139.780005,35.679752
139.796209,35.671851
139.807042,35.669351
139.817596,35.669629
139.83065,35.668796
139.859259,35.664631
139.872458,35.663554
139.893193,35.665932
139.902311,35.672687
139.914254,35.682686
139.924209,35.690935
139.942029,35.703517
139.958972,35.707127
139.832035,35.777117
139.825019,35.762222
139.804276,35.748916
139.780501,35.742733
139.766511,35.732257
139.763243,35.725549
139.765655,35.7174
139.769916,35.708243
139.766014,35.698072
139.763399,35.686154
139.761948,35.681071
139.758732,35.674241
139.750899,35.673838
139.745219,35.67393
139.738348,35.67323
139.726215,35.666572
139.712314,35.665247
139.703995,35.669071
139.689099,35.669187
139.680153,35.669159
139.612434,35.788507
139.631497,35.776557
139.644021,35.769939
139.653762,35.757863
139.665567,35.74955
139.678572,35.743803
139.689271,35.738229
139.698715,35.73323
139.710088,35.729565
139.719546,35.725732
139.72754,35.719044
139.733538,35.709495
139.743669,35.701934
139.73647,35.691958
139.737613,35.684006
139.740258,35.678757
139.75149,35.677405
139.763265,35.675714
139.767045,35.67435
139.773711,35.670462
139.784233,35.664871
139.79621,35.654908
139.81052,35.645576
139.826254,35.645832
139.710388,35.730645
139.678572,35.743803
139.701,35.659066
139.712314,35.665247
139.724159,35.672765
139.740258,35.678757
139.74163,35.685703
139.751948,35.695589
139.757606,35.695966
139.764107,35.68686
139.773147,35.684908
139.785377,35.682683
139.798851,35.682105
139.815681,35.689073
139.814941,35.697578
139.812935,35.710702
139.722103,35.783417
139.732599,35.777948
139.735933,35.765172
139.737618,35.753966
139.742322,35.746008
139.746442,35.736959
139.753828,35.724155
139.758025,35.717633
139.751864,35.707898
139.743669,35.701934
139.736642,35.691295
139.72955,35.686032
139.740258,35.678757
139.741419,35.673621
139.739,35.665595
139.737051,35.654682
139.734104,35.642903
139.726133,35.637917
139.7155,35.633272
139.612434,35.788507
139.631497,35.776557
139.644021,35.769939
139.653762,35.757863
139.665567,35.74955
139.678572,35.743803
139.689271,35.738229
139.698715,35.73323
139.708291,35.731464
139.714795,35.720233
139.709101,35.708242
139.707593,35.698915
139.704828,35.690853
139.705453,35.678459
139.705367,35.668497
139.702417,35.659545
139.621768,35.465852
139.616897,35.460355
139.608745,35.453437
139.602554,35.453984
139.594816,35.458634
139.586786,35.463597
139.580078,35.467694
139.565721,35.478092
139.549586,35.475031
139.532207,35.463335
139.5143,35.460399
139.502662,35.467779
139.482574,35.470412
139.461383,35.469924
139.441232,35.470666
139.429055,35.471485
139.415851,35.466744
139.392074,35.453381
139.532207,35.463335
139.526344,35.452522
139.521841,35.439502
139.506615,35.429933
139.495135,35.429434
139.48727,35.415385
139.482192,35.405436
139.467031,35.396642
139.69257,35.690551
139.699155,35.693315
139.707549,35.69792
139.718184,35.699218
139.725027,35.699518
139.735802,35.700851
139.744999,35.702927
139.75325,35.709598
139.760095,35.707462
139.774332,35.707893
139.781958,35.707045
139.790931,35.703236
139.797421,35.696881
139.797042,35.68796
139.798851,35.682105
139.796209,35.671851
139.784233,35.664871
139.776442,35.658507
139.766915,35.664895
139.760642,35.663703
139.75466,35.656785
139.743642,35.655007
139.736116,35.656503
139.731567,35.663921
139.72396,35.672929
139.714932,35.679831
139.701666,35.683218
139.698812,35.68869
139.684304,35.689798
139.682279,35.69709
139.682987,35.706891
139.686356,35.714035
139.683303,35.723608
139.670653,35.732538
139.65477,35.737404
139.64911,35.742067
139.640236,35.751452
139.628603,35.758526
139.705942,35.586859
139.711772,35.596435
139.713736,35.605769
139.716495,35.614633
139.724175,35.627102
139.730305,35.631679
139.74002,35.638692
139.748775,35.64818
139.75466,35.656785
139.759451,35.665577
139.767253,35.669464
139.771767,35.675461
139.775721,35.681688
139.782285,35.686307
139.784821,35.692126
139.786305,35.697451
139.790931,35.703236
139.79697,35.709461
139.804624,35.70858
139.812935,35.710702
139.7155,35.633272
139.726133,35.637917
139.734104,35.642903
139.748775,35.64818
139.749824,35.654074
139.751535,35.661215
139.75561,35.66975
139.759998,35.676036
139.762959,35.684856
139.75812,35.695492
139.75516,35.703398
139.75325,35.709598
139.752136,35.721408
139.744792,35.727957
139.738519,35.733502
139.728712,35.743508
139.720101,35.748785
139.710102,35.751284
139.705535,35.761339
139.702324,35.768782
139.69538,35.775725
139.685937,35.777391
139.678993,35.784335
139.673971,35.78699
139.661216,35.789056
139.654275,35.790189
139.64594,35.791833
139.698812,35.68869
139.706271,35.690616
139.722881,35.692402
139.735794,35.692594
139.751948,35.695589
139.757606,35.695966
139.767551,35.695487
139.775866,35.695534
139.782768,35.69212
139.788154,35.688516
139.797042,35.68796
139.806016,35.688379
139.815681,35.689073
139.826206,35.689349
139.83565,35.689905
139.845963,35.690355
139.864258,35.683795
139.882934,35.686055
139.89761,35.693318
139.903698,35.706017
139.926628,35.722929
139.791412,35.732248
139.788988,35.733659
139.786456,35.73493
139.784696,35.738623
139.78417,35.741975
139.781145,35.74275
139.776625,35.743837
139.774386,35.745398
139.769204,35.749212
139.764955,35.750135
139.761779,35.750579
139.757767,35.750744
139.752617,35.750909
139.747403,35.751162
139.742124,35.750909
139.737661,35.753199
139.737382,35.750248
139.735376,35.747374
139.732779,35.744501
139.730451,35.741348
139.729743,35.739563
139.727769,35.735488
139.729593,35.732082
139.724894,35.728938
139.720012,35.72528
139.718006,35.724261
139.714916,35.720403
139.71247,35.716248
139.714444,35.712981
139.718928,35.711848
139.533949,36.170345
139.523986,36.17635
139.510474,36.171317
139.488569,36.162614
139.468394,36.147265
139.458851,36.143759
139.44155,36.137615
139.389542,36.139313
139.38134,36.142657
139.368901,36.147612
139.352086,36.146242
139.331859,36.144612
139.303306,36.142958
139.281714,36.142197
139.259516,36.135314
139.222386,36.12895
139.206981,36.128672
139.194197,36.117801
139.158078,36.126728
139.122226,36.131076
139.110865,36.11157
139.112346,36.095462
139.11319,36.086169
139.106103,36.077539
139.093947,36.068682
139.101666,36.046671
139.094071,36.018586
139.086044,35.99883
139.083614,35.992369
139.068413,35.972015
139.058134,35.963922
139.035439,35.958347
139.021888,35.953867
138.993263,35.95895
138.978706,35.960075
139.722103,35.783417
139.730043,35.800187
139.736059,35.816839
139.735967,35.830859
139.737908,35.842974
139.753689,35.858873
139.74398,35.876211
139.72779,35.893677
140.390864,35.251097
140.378029,35.260407
140.344974,35.263313
140.328081,35.276408
140.314046,35.280497
140.280636,35.282763
140.252693,35.291741
140.243833,35.286466
140.251142,35.268938
140.247381,35.259314
140.247718,35.250265
140.240413,35.240588
140.215176,35.25051
140.199571,35.250051
139.774273,35.698889
139.781958,35.707045
139.792389,35.713817
139.798783,35.732413
139.805092,35.74949
139.82038,35.771782
139.821816,35.784963
139.845017,35.807905
139.878344,35.824514
139.903271,35.83869
139.915223,35.854552
139.925044,35.871799
139.952454,35.89308
139.957533,35.9109
139.622299,35.466372
139.626499,35.46192
139.632386,35.458028
139.636175,35.450135
139.642608,35.446821
139.650446,35.44243
139.759644,35.665503
139.759985,35.662871
139.762037,35.654099
139.75906,35.649136
139.757852,35.641773
139.778607,35.629813
139.771435,35.625908
139.773157,35.621462
139.779327,35.617593
139.781132,35.62467
139.791228,35.630158
139.793269,35.634596
139.78888,35.639964
139.78564,35.645684
139.789996,35.648718
139.795414,35.653792
140.157019,35.722247
140.155041,35.726225
140.153755,35.730758
140.155054,35.738357
140.14841,35.740123
140.148497,35.732605
139.156474,35.25658
139.158578,35.259226
139.157397,35.268964
139.155758,35.27519
139.148787,35.279887
139.139109,35.287913
139.133945,35.292334
139.12879,35.298825
139.126632,35.301305
139.118684,35.31585
139.109483,35.317657
139.10365,35.319046
139.553694,35.568076
139.569846,35.562973
139.578457,35.55353
139.574291,35.545476
139.589715,35.535258
139.612065,35.527701
139.612818,35.519271
139.617745,35.508588
139.617065,35.496038
139.606511,35.490205
139.605395,35.476526
139.61481,35.476512
139.619912,35.465826
139.623743,35.458575
139.630791,35.449667
139.635855,35.445821
139.633176,35.441044
139.624843,35.437434
139.618455,35.435489
139.610123,35.429935
139.602081,35.423294
139.595901,35.408745
139.590958,35.401049
139.572713,35.401391
139.559389,35.402677
139.551509,35.402685
139.534328,35.400818
139.518058,35.405922
139.511301,35.411161
139.500177,35.414296
139.483195,35.403503
139.467283,35.396471
139.620502,35.385919
139.633163,35.380192
139.641704,35.377187
139.642743,35.372015
139.642945,35.365505
139.643706,35.358406
139.646326,35.35339
139.648517,35.349627
139.650156,35.343966
139.64079,35.340914
139.635846,35.342086
139.632096,35.337225
139.631524,35.330559
139.622133,35.331285
139.487293,35.337227
139.485572,35.332482
139.485189,35.327352
139.482637,35.321447
139.4833,35.315203
139.487581,35.311003
139.493286,35.308287
139.500535,35.306698
139.510101,35.306243
139.522322,35.30426
139.528721,35.309318
139.536168,35.311265
139.54157,35.312857
139.545362,35.31372
139.550121,35.318491
139.62254,35.90751
139.617796,35.920271
139.616688,35.93568
139.618054,35.94262
139.619443,35.949941
139.620862,35.957065
139.622531,35.964072
139.623481,35.971165
139.624711,35.97989
139.62228,35.991099
139.617094,35.999537
139.608608,36.007311
139.599878,36.014163
140.387225,35.770091
140.399215,35.754248
140.089522,35.512985
140.100355,35.496171
140.124264,35.481729
140.12672,35.46592
140.126128,35.454105
140.114174,35.439662
140.114719,35.423795
140.142255,35.400213
140.150968,35.388047
140.165006,35.381346
140.154438,35.367481
140.150246,35.353074
140.145505,35.336685
140.142358,35.320512
140.139394,35.302203
140.145924,35.283367
140.159382,35.266409
140.199571,35.250051
139.531367,35.352359
139.529277,35.345389
139.522666,35.337832
139.518903,35.332865
139.504365,35.319383
139.496052,35.317256
139.491533,35.31402
139.487794,35.311867
140.024823,35.68364
140.023745,35.690184
140.027542,35.700666
140.037599,35.710271
140.042787,35.715293
140.042195,35.721328
140.034923,35.726625
140.029382,35.730436
140.02622,35.737957
140.028514,35.749217
140.023731,35.753825
140.013823,35.757827
140.000493,35.771992
139.998661,35.77922
139.989811,35.776692
139.975707,35.782343
139.975831,35.790229
139.965796,35.797281
139.949522,35.803191
139.937362,35.791394
139.929466,35.789346
139.922833,35.790652
139.916031,35.789524
139.900779,35.784472
140.102495,35.607391
140.107757,35.606878
140.114136,35.612084
140.118592,35.612822
140.120142,35.608551
140.12222,35.603958
140.114136,35.612084
140.117944,35.619774
140.115314,35.625806
140.112902,35.631447
140.111849,35.639645
140.11611,35.643164
140.125437,35.642585
140.134873,35.6387
140.148736,35.635491
140.160935,35.631308
140.171873,35.627755
140.181972,35.627436
140.18856,35.622314
139.917042,35.811949
139.919912,35.826642
139.916887,35.83601
139.911121,35.840948
139.901108,35.85123
139.901766,35.855771
139.422782,35.623724
139.422201,35.63169
139.416461,35.636878
139.408672,35.64197
139.403672,35.648666
139.410698,35.655093
139.415184,35.66148
139.420079,35.671249
139.409191,35.678262
139.409191,35.689475
139.412546,35.696077
139.41254,35.699502
139.413242,35.710158
139.417387,35.714717
139.419525,35.718775
139.418097,35.723319
139.417866,35.73223
139.416653,35.739
139.415822,35.745824
140.827557,35.729449
140.833871,35.728813
140.840112,35.728952
140.847844,35.731055
140.856893,35.728427
140.860207,35.725131
140.863096,35.722089
140.860527,35.714093
140.860935,35.706258
140.857322,35.699314
139.756747,35.655666
139.750675,35.622908
139.74708,35.595006
139.748964,35.58186
139.749918,35.570656
139.753366,35.555125
139.75423,35.548908
139.768206,35.544169
139.786777,35.542773
139.784653,35.549163
139.787979,35.550734
139.827402,35.646172
139.804395,35.640987
139.791617,35.63441
139.778896,35.62753
139.750793,35.620562
139.749549,35.608524
139.735025,35.607535
139.728439,35.619772
139.958972,35.707127
139.980343,35.705888
140.0223,35.71407
140.04236,35.721674
140.058962,35.726931
140.073461,35.728884
140.103713,35.727807
140.118375,35.72371
140.126075,35.715458
139.155396,35.256229
139.145169,35.245169
139.129104,35.246229
139.121244,35.240894
139.103743,35.233555
139.094016,35.234521
139.073849,35.238664
139.063052,35.241913
139.053162,35.240374
139.050856,35.246529
139.048162,35.25085
139.866875,35.750932
139.879376,35.75101
139.899742,35.757503
139.914252,35.762916
139.930723,35.765299
139.942957,35.769954
139.957739,35.775377
139.973567,35.775103
139.998361,35.779481
140.031545,35.784364
140.0541,35.784723
140.076073,35.787004
140.116159,35.800175
140.166911,35.803608
140.203112,35.787512
139.771287,35.727908
139.766857,35.731954
139.768989,35.742454
139.769695,35.748972
139.770381,35.754658
139.770808,35.763897
139.770679,35.768359
139.770306,35.774021
139.770094,35.781505
139.770043,35.788774
139.770183,35.79623
139.770108,35.8057
139.770719,35.814544
139.54032,35.515029
139.548745,35.52802
139.561359,35.536583
139.574325,35.545863
139.578386,35.553534
139.592258,35.561077
139.604369,35.554302
139.619944,35.549713
139.633554,35.549883
139.647008,35.553313
139.048162,35.25085
139.045639,35.249944
139.043167,35.249083
139.040556,35.248167
139.038056,35.247306
139.035611,35.246444
